input_domain,prospect_tier,overall_score,design_score,mobile_score,performance_score,seo_score,trust_score,accessibility_score,best_practices_score,lcp_seconds,cls,tbt_ms,pagespeed_used,url,response_time_sec,is_https,pitch_points_count,pitch_summary
midtownatl.mintdentistry.com,URGENT LEAD (Site Broken / Unreachable),0,0,0,0,0,0,,,,,,False,https://midtownatl.mintdentistry.com,0.22,True,2,Website is currently unreachable or returning server error (403). | Business is losing 100% of online visitors and potential customers.
thevaldostadentist.com,HIGH POTENTIAL LEAD (Major Flaws / Redesign Needed),48,0,65,35,100,100,,,,,,False,https://thevaldostadentist.com,0.93,True,10,"[Stage 1 Pre-Filter] POTENTIAL OVERFLOW: Fixed pixel width containers (>900px) detected without media queries. Run !confirm for browser proof. | BROKEN CONTENT WIDGET: Empty article/blog widget detected displaying broken pagination ('1of0' / zero articles available). | [Stage 1 Pre-Filter] UNCONTAINED INPUTS: Interactive form fields positioned outside form containers. Run !confirm for viewport verification. | Lacks modern web typography (using default browser fonts), reducing brand prestige."
atlfamilydentistry.com,MEDIUM POTENTIAL LEAD (Modernization Opportunity),58,20,100,35,80,90,,,,,,False,https://atlfamilydentistry.com,1.39,True,9,"BROKEN CONTENT WIDGET: Empty article/blog widget detected displaying broken pagination ('1of0' / zero articles available). | [Stage 1 Pre-Filter] POTENTIAL OVERLAP RISK: Uncontained absolute CSS positioning detected. Run !confirm to verify bounding box collisions. | CONTRIBUTING PATTERN: Layout relies on legacy float positioning alongside fixed dimensions, compounding mobile layout shift issues. | 10 images are missing ALT descriptive tags (hurts image search ranking and accessibility)."
ansleymidtowndental.com,MEDIUM POTENTIAL LEAD (Modernization Opportunity),58,15,100,50,90,75,,,,,,False,https://ansleymidtowndental.com,1.93,True,8,"BROKEN CONTENT WIDGET: Empty article/blog widget detected displaying broken pagination ('1of0' / zero articles available). | [Stage 1 Pre-Filter] POTENTIAL OVERLAP RISK: Uncontained absolute CSS positioning detected. Run !confirm to verify bounding box collisions. | CONTRIBUTING PATTERN: Layout relies on legacy float positioning alongside fixed dimensions, compounding mobile layout shift issues. | Excessive inline styles detected; makes visual modifications and re-branding inefficient."
fidanoskidentistry.com,MEDIUM POTENTIAL LEAD (Modernization Opportunity),59,30,100,10,80,100,,,,,,False,https://fidanoskidentistry.com,4.16,True,8,[Stage 1 Pre-Filter] POTENTIAL OVERLAP RISK: Uncontained absolute CSS positioning detected. Run !confirm to verify bounding box collisions. | Excessive inline styles detected; makes visual modifications and re-branding inefficient. | 53 images are missing ALT descriptive tags (hurts image search ranking and accessibility). | Lacks interactive micro-animations or modern hover state feedback for visitors.
brightsmilefamilydental.com,MEDIUM POTENTIAL LEAD (Modernization Opportunity),62,40,100,50,75,65,,,,,,False,https://brightsmilefamilydental.com,1.3,True,8,"[Stage 1 Pre-Filter] POTENTIAL OVERLAP RISK: Uncontained absolute CSS positioning detected. Run !confirm to verify bounding box collisions. | CONTRIBUTING PATTERN: Layout relies on legacy float positioning alongside fixed dimensions, compounding mobile layout shift issues. | Excessive inline styles detected; makes visual modifications and re-branding inefficient. | No clear Call-To-Action (CTA) buttons found above or below the fold to convert visitors into phone calls/leads."
perimeterdentalga.com,MEDIUM POTENTIAL LEAD (Modernization Opportunity),63,30,100,50,65,100,,,,,,False,https://perimeterdentalga.com,0.6,True,7,BROKEN CONTENT WIDGET: Empty article/blog widget detected displaying broken pagination ('1of0' / zero articles available). | [Stage 1 Pre-Filter] POTENTIAL OVERLAP RISK: Uncontained absolute CSS positioning detected. Run !confirm to verify bounding box collisions. | 12 images are missing ALT descriptive tags (hurts image search ranking and accessibility). | No clear Call-To-Action (CTA) buttons found above or below the fold to convert visitors into phone calls/leads.
dentistmariettaga.com,MEDIUM POTENTIAL LEAD (Modernization Opportunity),64,30,100,35,90,100,,,,,,False,https://dentistmariettaga.com,0.52,True,8,"[Stage 1 Pre-Filter] POTENTIAL OVERLAP RISK: Uncontained absolute CSS positioning detected. Run !confirm to verify bounding box collisions. | CONTRIBUTING PATTERN: Layout relies on legacy float positioning alongside fixed dimensions, compounding mobile layout shift issues. | Excessive inline styles detected; makes visual modifications and re-branding inefficient. | 41 images are missing ALT descriptive tags (hurts image search ranking and accessibility)."
mysagedental.com,MEDIUM POTENTIAL LEAD (Modernization Opportunity),65,35,100,35,85,100,,,,,,False,https://mysagedental.com,0.18,True,7,BROKEN CONTENT WIDGET: Empty article/blog widget detected displaying broken pagination ('1of0' / zero articles available). | Uses legacy image formats (GIF/BMP) instead of crisp vector SVG or high-compression WebP. | 5 images are missing ALT descriptive tags (hurts image search ranking and accessibility). | No clear Call-To-Action (CTA) buttons found above or below the fold to convert visitors into phone calls/leads.
atlsedationdentistry.com,MEDIUM POTENTIAL LEAD (Modernization Opportunity),66,40,100,30,90,90,,,,,,False,https://atlsedationdentistry.com,2.05,True,8,"[Stage 1 Pre-Filter] POTENTIAL OVERLAP RISK: Uncontained absolute CSS positioning detected. Run !confirm to verify bounding box collisions. | CONTRIBUTING PATTERN: Layout relies on legacy float positioning alongside fixed dimensions, compounding mobile layout shift issues. | Excessive inline styles detected; makes visual modifications and re-branding inefficient. | No clear Call-To-Action (CTA) buttons found above or below the fold to convert visitors into phone calls/leads."
demercydental.com,MEDIUM POTENTIAL LEAD (Modernization Opportunity),67,45,100,10,100,100,,,,,,False,https://demercydental.com,4.68,True,6,"[Stage 1 Pre-Filter] POTENTIAL OVERLAP RISK: Uncontained absolute CSS positioning detected. Run !confirm to verify bounding box collisions. | CONTRIBUTING PATTERN: Layout relies on legacy float positioning alongside fixed dimensions, compounding mobile layout shift issues. | Uses legacy image formats (GIF/BMP) instead of crisp vector SVG or high-compression WebP. | No clear Call-To-Action (CTA) buttons found above or below the fold to convert visitors into phone calls/leads."
smyrnafamilydentistry.com,MEDIUM POTENTIAL LEAD (Modernization Opportunity),69,55,100,35,75,90,,,,,,False,https://smyrnafamilydentistry.com,0.72,True,7,"Excessive inline styles detected; makes visual modifications and re-branding inefficient. | 7 images are missing ALT descriptive tags (hurts image search ranking and accessibility). | No clear Call-To-Action (CTA) buttons found above or below the fold to convert visitors into phone calls/leads. | High HTTP request bottleneck (6 CSS files, 18 JS scripts)."
bigcreekfamilydentistry.com,MEDIUM POTENTIAL LEAD (Modernization Opportunity),70,45,100,30,100,100,,,,,,False,https://bigcreekfamilydentistry.com,3.89,True,6,"[Stage 1 Pre-Filter] POTENTIAL OVERLAP RISK: Uncontained absolute CSS positioning detected. Run !confirm to verify bounding box collisions. | CONTRIBUTING PATTERN: Layout relies on legacy float positioning alongside fixed dimensions, compounding mobile layout shift issues. | Uses legacy image formats (GIF/BMP) instead of crisp vector SVG or high-compression WebP. | No clear Call-To-Action (CTA) buttons found above or below the fold to convert visitors into phone calls/leads."
legacydentalatlanta.com,MEDIUM POTENTIAL LEAD (Modernization Opportunity),70,45,100,70,70,90,,,,,,False,https://legacydentalatlanta.com,0.72,True,9,Excessive inline styles detected; makes visual modifications and re-branding inefficient. | 4 images are missing ALT descriptive tags (hurts image search ranking and accessibility). | Lacks interactive micro-animations or modern hover state feedback for visitors. | No clear Call-To-Action (CTA) buttons found above or below the fold to convert visitors into phone calls/leads.
atlantadentalcenter.com,MEDIUM POTENTIAL LEAD (Modernization Opportunity),71,45,100,35,100,100,,,,,,False,https://atlantadentalcenter.com,1.05,True,6,"[Stage 1 Pre-Filter] POTENTIAL OVERLAP RISK: Uncontained absolute CSS positioning detected. Run !confirm to verify bounding box collisions. | CONTRIBUTING PATTERN: Layout relies on legacy float positioning alongside fixed dimensions, compounding mobile layout shift issues. | 48 images are missing ALT descriptive tags (hurts image search ranking and accessibility). | No clear Call-To-Action (CTA) buttons found above or below the fold to convert visitors into phone calls/leads."
brightworksdentistry.com,MEDIUM POTENTIAL LEAD (Modernization Opportunity),72,55,100,15,100,100,,,,,,False,https://brightworksdentistry.com,2.35,True,6,"[Stage 1 Pre-Filter] POTENTIAL OVERLAP RISK: Uncontained absolute CSS positioning detected. Run !confirm to verify bounding box collisions. | CONTRIBUTING PATTERN: Layout relies on legacy float positioning alongside fixed dimensions, compounding mobile layout shift issues. | No clear Call-To-Action (CTA) buttons found above or below the fold to convert visitors into phone calls/leads. | Page response time is slightly slow (2.35s). Optimizing assets can boost conversion rates."
zentooth.com,MEDIUM POTENTIAL LEAD (Modernization Opportunity),72,55,100,35,80,100,,,,,,False,https://zentooth.com,0.67,True,6,"Excessive inline styles detected; makes visual modifications and re-branding inefficient. | 18 images are missing ALT descriptive tags (hurts image search ranking and accessibility). | No clear Call-To-Action (CTA) buttons found above or below the fold to convert visitors into phone calls/leads. | High HTTP request bottleneck (7 CSS files, 33 JS scripts)."
greatexpressions.com,MEDIUM POTENTIAL LEAD (Modernization Opportunity),73,45,100,50,100,100,,,,,,False,https://greatexpressions.com,0.81,True,5,Excessive inline styles detected; makes visual modifications and re-branding inefficient. | 19 images are missing ALT descriptive tags (hurts image search ranking and accessibility). | Lacks interactive micro-animations or modern hover state feedback for visitors. | No clear Call-To-Action (CTA) buttons found above or below the fold to convert visitors into phone calls/leads.
smyrna.mintdentistry.com,MEDIUM POTENTIAL LEAD (Modernization Opportunity),73,65,65,50,100,100,,,,,,False,https://smyrna.mintdentistry.com,0.22,True,4,"Lacks modern web typography (using default browser fonts), reducing brand prestige. | No clear Call-To-Action (CTA) buttons found above or below the fold to convert visitors into phone calls/leads. | Lacks responsive CSS media queries — layout fails to adapt smoothly to modern tablet/mobile screens. | URGENT: Flash/Embed technology detected, which is completely unsupported on modern web browsers."
smilegeorgia.com,MEDIUM POTENTIAL LEAD (Modernization Opportunity),73,45,100,50,100,100,,,,,,False,https://smilegeorgia.com,1.02,True,5,"[Stage 1 Pre-Filter] POTENTIAL OVERLAP RISK: Uncontained absolute CSS positioning detected. Run !confirm to verify bounding box collisions. | CONTRIBUTING PATTERN: Layout relies on legacy float positioning alongside fixed dimensions, compounding mobile layout shift issues. | 15 images are missing ALT descriptive tags (hurts image search ranking and accessibility). | No clear Call-To-Action (CTA) buttons found above or below the fold to convert visitors into phone calls/leads."
drdodge.com,LOW POTENTIAL (Site is already modern),76,60,100,70,70,90,,,,,,False,https://drdodge.com,1.06,True,8,"8 images are missing ALT descriptive tags (hurts image search ranking and accessibility). | Lacks interactive micro-animations or modern hover state feedback for visitors. | No clear Call-To-Action (CTA) buttons found above or below the fold to convert visitors into phone calls/leads. | High HTTP request bottleneck (15 CSS files, 20 JS scripts)."
mariettasmiles.com,LOW POTENTIAL (Site is already modern),76,55,65,100,100,90,,,,,,False,https://mariettasmiles.com,0.67,True,5,"Lacks modern web typography (using default browser fonts), reducing brand prestige. | Lacks interactive micro-animations or modern hover state feedback for visitors. | No clear Call-To-Action (CTA) buttons found above or below the fold to convert visitors into phone calls/leads. | Lacks responsive CSS media queries — layout fails to adapt smoothly to modern tablet/mobile screens."
piedmontperiodontics.com,LOW POTENTIAL (Site is already modern),76,70,100,35,100,75,,,,,,False,https://piedmontperiodontics.com,0.41,True,5,"Lacks interactive micro-animations or modern hover state feedback for visitors. | No clear Call-To-Action (CTA) buttons found above or below the fold to convert visitors into phone calls/leads. | High HTTP request bottleneck (27 CSS files, 15 JS scripts). | URGENT: Flash/Embed technology detected, which is completely unsupported on modern web browsers."
mariettacosmeticdentist.com,LOW POTENTIAL (Site is already modern),77,55,100,50,100,100,,,,,,False,https://mariettacosmeticdentist.com,0.63,True,4,"[Stage 1 Pre-Filter] POTENTIAL OVERLAP RISK: Uncontained absolute CSS positioning detected. Run !confirm to verify bounding box collisions. | CONTRIBUTING PATTERN: Layout relies on legacy float positioning alongside fixed dimensions, compounding mobile layout shift issues. | No clear Call-To-Action (CTA) buttons found above or below the fold to convert visitors into phone calls/leads. | URGENT: Flash/Embed technology detected, which is completely unsupported on modern web browsers."
reichdentalcenter.com,LOW POTENTIAL (Site is already modern),77,55,100,50,100,100,,,,,,False,https://reichdentalcenter.com,0.85,True,4,"[Stage 1 Pre-Filter] POTENTIAL OVERLAP RISK: Uncontained absolute CSS positioning detected. Run !confirm to verify bounding box collisions. | CONTRIBUTING PATTERN: Layout relies on legacy float positioning alongside fixed dimensions, compounding mobile layout shift issues. | No clear Call-To-Action (CTA) buttons found above or below the fold to convert visitors into phone calls/leads. | URGENT: Flash/Embed technology detected, which is completely unsupported on modern web browsers."
trucaredentistry.com,LOW POTENTIAL (Site is already modern),77,55,65,100,100,100,,,,,,False,https://trucaredentistry.com,0.54,True,4,"Lacks modern web typography (using default browser fonts), reducing brand prestige. | Lacks interactive micro-animations or modern hover state feedback for visitors. | No clear Call-To-Action (CTA) buttons found above or below the fold to convert visitors into phone calls/leads. | Lacks responsive CSS media queries — layout fails to adapt smoothly to modern tablet/mobile screens."
comfortdentalatlanta.com,LOW POTENTIAL (Site is already modern),78,60,100,50,100,100,,,,,,False,https://comfortdentalatlanta.com,1.89,True,4,"29 images are missing ALT descriptive tags (hurts image search ranking and accessibility). | Lacks interactive micro-animations or modern hover state feedback for visitors. | No clear Call-To-Action (CTA) buttons found above or below the fold to convert visitors into phone calls/leads. | URGENT: Flash/Embed technology detected, which is completely unsupported on modern web browsers."
sunshinesmilesdentistry.com,LOW POTENTIAL (Site is already modern),78,65,100,35,100,100,,,,,,False,https://sunshinesmilesdentistry.com,0.37,True,4,"Excessive inline styles detected; makes visual modifications and re-branding inefficient. | No clear Call-To-Action (CTA) buttons found above or below the fold to convert visitors into phone calls/leads. | High HTTP request bottleneck (28 CSS files, 34 JS scripts). | URGENT: Flash/Embed technology detected, which is completely unsupported on modern web browsers."
acefamilydental.com,LOW POTENTIAL (Site is already modern),82,50,100,100,100,100,,,,,,False,https://acefamilydental.com,1.8,True,3,[Stage 1 Pre-Filter] POTENTIAL OVERLAP RISK: Uncontained absolute CSS positioning detected. Run !confirm to verify bounding box collisions. | Excessive inline styles detected; makes visual modifications and re-branding inefficient. | No clear Call-To-Action (CTA) buttons found above or below the fold to convert visitors into phone calls/leads.
reveorthodontics.com,LOW POTENTIAL (Site is already modern),82,65,100,65,100,100,,,,,,False,https://reveorthodontics.com,2.45,True,4,"[Stage 1 Pre-Filter] POTENTIAL OVERLAP RISK: Uncontained absolute CSS positioning detected. Run !confirm to verify bounding box collisions. | No clear Call-To-Action (CTA) buttons found above or below the fold to convert visitors into phone calls/leads. | Page response time is slightly slow (2.45s). Optimizing assets can boost conversion rates. | High HTTP request bottleneck (14 CSS files, 14 JS scripts)."
